Age Range,Count,Loss Amount,State/Territory,Year
Under 20,142,"$404,535",Alabama,2017
20 - 29,576,"$384,132",Alabama,2017
30 - 39,571,"$788,327",Alabama,2017
40 - 49,559,"$1,391,898",Alabama,2017
50 - 59,555,"$1,289,694",Alabama,2017
Over 60,658,"$3,814,578",Alabama,2017
Under 20,30,"$26,761",Alaska,2017
20 - 29,137,"$71,084",Alaska,2017
30 - 39,119,"$103,409",Alaska,2017
40 - 49,250,"$157,838",Alaska,2017
50 - 59,529,"$422,316",Alaska,2017
Over 60,147,"$556,684",Alaska,2017
Under 20,0,$0,American Samoa,2017
20 - 29,4,$0,American Samoa,2017
30 - 39,2,$0,American Samoa,2017
40 - 49,0,$0,American Samoa,2017
50 - 59,1,$0,American Samoa,2017
Over 60,2,$0,American Samoa,2017
Under 20,198,"$136,804",Arizona,2017
20 - 29,756,"$1,050,086",Arizona,2017
30 - 39,939,"$2,140,987",Arizona,2017
40 - 49,921,"$30,124,597",Arizona,2017
50 - 59,983,"$12,308,046",Arizona,2017
Over 60,"1,369","$8,068,173",Arizona,2017
Under 20,56,"$31,095",Arkansas,2017
20 - 29,217,"$135,867",Arkansas,2017
30 - 39,274,"$475,627",Arkansas,2017
40 - 49,276,"$418,304",Arkansas,2017
50 - 59,261,"$1,084,795",Arkansas,2017
Over 60,347,"$1,745,819",Arkansas,2017
Under 20,"1,211","$812,692",California,2017
20 - 29,"5,737","$9,665,168",California,2017
30 - 39,"6,170","$22,115,761",California,2017
40 - 49,"7,410","$31,208,364",California,2017
50 - 59,"5,908","$38,592,052",California,2017
Over 60,"5,990","$55,217,854",California,2017
Under 20,159,"$161,303",Colorado,2017
20 - 29,658,"$6,879,724",Colorado,2017
30 - 39,850,"$4,923,556",Colorado,2017
40 - 49,823,"$3,234,900",Colorado,2017
50 - 59,849,"$7,328,412",Colorado,2017
Over 60,"3,325","$7,083,284",Colorado,2017
Under 20,115,"$57,160",Connecticut,2017
20 - 29,318,"$215,249",Connecticut,2017
30 - 39,365,"$676,676",Connecticut,2017
40 - 49,402,"$1,217,075",Connecticut,2017
50 - 59,427,"$2,049,395",Connecticut,2017
Over 60,442,"$4,001,028",Connecticut,2017
Under 20,15,"$7,184",Delaware,2017
20 - 29,118,"$65,110",Delaware,2017
30 - 39,109,"$127,961",Delaware,2017
40 - 49,90,"$62,855",Delaware,2017
50 - 59,117,"$498,845",Delaware,2017
Over 60,161,"$336,374",Delaware,2017
Under 20,24,"$14,172",District of Columbia,2017
20 - 29,157,"$116,299",District of Columbia,2017
30 - 39,204,"$167,502",District of Columbia,2017
40 - 49,137,"$237,845",District of Columbia,2017
50 - 59,88,"$729,322",District of Columbia,2017
Over 60,133,"$530,889",District of Columbia,2017
Under 20,589,"$379,944",Florida,2017
20 - 29,"2,619","$4,932,068",Florida,2017
30 - 39,"3,159","$11,140,213",Florida,2017
40 - 49,"3,516","$16,142,947",Florida,2017
50 - 59,"3,389","$23,321,944",Florida,2017
Over 60,"4,285","$28,900,482",Florida,2017
Under 20,216,"$114,904",Georgia,2017
20 - 29,919,"$1,033,597",Georgia,2017
30 - 39,"1,072","$7,321,399",Georgia,2017
40 - 49,"1,281","$5,804,211",Georgia,2017
50 - 59,"1,019","$5,315,324",Georgia,2017
Over 60,984,"$4,836,539",Georgia,2017
Under 20,0,$0,Guam,2017
20 - 29,12,"$133,783",Guam,2017
30 - 39,10,"$213,851",Guam,2017
40 - 49,7,"$69,160",Guam,2017
50 - 59,10,"$273,603",Guam,2017
Over 60,18,"$109,240",Guam,2017
Under 20,28,"$10,398",Hawaii,2017
20 - 29,231,"$359,418",Hawaii,2017
30 - 39,339,"$484,113",Hawaii,2017
40 - 49,331,"$367,811",Hawaii,2017
50 - 59,423,"$516,090",Hawaii,2017
Over 60,309,"$994,552",Hawaii,2017
Under 20,36,"$14,103",Idaho,2017
20 - 29,131,"$89,952",Idaho,2017
30 - 39,173,"$128,590",Idaho,2017
40 - 49,155,"$1,286,008",Idaho,2017
50 - 59,174,"$261,008",Idaho,2017
Over 60,256,"$4,439,179",Idaho,2017
Under 20,266,"$308,929",Illinois,2017
20 - 29,"1,302","$4,305,734",Illinois,2017
30 - 39,"1,540","$5,531,285",Illinois,2017
40 - 49,"1,567","$8,166,562",Illinois,2017
50 - 59,"1,249","$8,585,753",Illinois,2017
Over 60,"1,213","$6,260,521",Illinois,2017
Under 20,146,"$66,880",Indiana,2017
20 - 29,533,"$572,912",Indiana,2017
30 - 39,741,"$555,228",Indiana,2017
40 - 49,565,"$2,430,822",Indiana,2017
50 - 59,623,"$3,064,755",Indiana,2017
Over 60,663,"$3,259,811",Indiana,2017
Under 20,52,"$38,142",Iowa,2017
20 - 29,188,"$266,907",Iowa,2017
30 - 39,222,"$357,759",Iowa,2017
40 - 49,206,"$482,102",Iowa,2017
50 - 59,270,"$1,104,621",Iowa,2017
Over 60,273,"$885,939",Iowa,2017
Under 20,53,"$45,445",Kansas,2017
20 - 29,226,"$148,485",Kansas,2017
30 - 39,250,"$808,724",Kansas,2017
40 - 49,212,"$280,323",Kansas,2017
50 - 59,309,"$559,178",Kansas,2017
Over 60,330,"$2,274,679",Kansas,2017
Under 20,84,"$65,152",Kentucky,2017
20 - 29,339,"$383,052",Kentucky,2017
30 - 39,438,"$772,937",Kentucky,2017
40 - 49,408,"$959,973",Kentucky,2017
50 - 59,408,"$1,063,642",Kentucky,2017
Over 60,473,"$2,620,242",Kentucky,2017
Under 20,75,"$51,889",Louisiana,2017
20 - 29,359,"$404,670",Louisiana,2017
30 - 39,515,"$862,402",Louisiana,2017
40 - 49,837,"$1,438,533",Louisiana,2017
50 - 59,470,"$2,080,069",Louisiana,2017
Over 60,488,"$3,488,066",Louisiana,2017
Under 20,21,"$13,634",Maine,2017
20 - 29,88,"$41,903",Maine,2017
30 - 39,94,"$155,316",Maine,2017
40 - 49,103,"$104,332",Maine,2017
50 - 59,108,"$231,394",Maine,2017
Over 60,149,"$455,125",Maine,2017
Under 20,181,"$608,566",Maryland,2017
20 - 29,745,"$782,095",Maryland,2017
30 - 39,838,"$1,258,136",Maryland,2017
40 - 49,768,"$8,506,127",Maryland,2017
50 - 59,868,"$5,155,139",Maryland,2017
Over 60,983,"$8,862,035",Maryland,2017
Under 20,166,"$55,175",Massachusetts,2017
20 - 29,705,"$1,453,892",Massachusetts,2017
30 - 39,706,"$3,547,820",Massachusetts,2017
40 - 49,717,"$5,089,978",Massachusetts,2017
50 - 59,825,"$6,291,422",Massachusetts,2017
Over 60,894,"$8,112,970",Massachusetts,2017
Under 20,202,"$62,255",Michigan,2017
20 - 29,780,"$1,475,165",Michigan,2017
30 - 39,850,"$1,416,146",Michigan,2017
40 - 49,979,"$3,978,408",Michigan,2017
50 - 59,"1,024","$6,050,149",Michigan,2017
Over 60,"1,135","$4,547,636",Michigan,2017
Under 20,126,"$41,373",Minnesota,2017
20 - 29,418,"$407,717",Minnesota,2017
30 - 39,597,"$1,444,552",Minnesota,2017
40 - 49,484,"$1,580,637",Minnesota,2017
50 - 59,502,"$5,061,610",Minnesota,2017
Over 60,598,"$5,529,921",Minnesota,2017
Under 20,42,"$14,425",Mississippi,2017
20 - 29,212,"$418,750",Mississippi,2017
30 - 39,233,"$216,715",Mississippi,2017
40 - 49,216,"$1,405,191",Mississippi,2017
50 - 59,269,"$1,163,388",Mississippi,2017
Over 60,243,"$2,820,808",Mississippi,2017
Under 20,128,"$55,336",Missouri,2017
20 - 29,500,"$377,964",Missouri,2017
30 - 39,679,"$2,202,004",Missouri,2017
40 - 49,624,"$2,113,799",Missouri,2017
50 - 59,636,"$5,243,919",Missouri,2017
Over 60,784,"$5,626,673",Missouri,2017
Under 20,24,"$11,712",Montana,2017
20 - 29,77,"$76,203",Montana,2017
30 - 39,99,"$279,310",Montana,2017
40 - 49,91,"$1,178,278",Montana,2017
50 - 59,124,"$219,267",Montana,2017
Over 60,162,"$685,326",Montana,2017
Under 20,35,"$14,221",Nebraska,2017
20 - 29,122,"$118,299",Nebraska,2017
30 - 39,174,"$475,714",Nebraska,2017
40 - 49,141,"$828,404",Nebraska,2017
50 - 59,215,"$402,164",Nebraska,2017
Over 60,187,"$1,577,224",Nebraska,2017
Under 20,162,"$119,865",Nevada,2017
20 - 29,601,"$1,885,496",Nevada,2017
30 - 39,845,"$1,930,820",Nevada,2017
40 - 49,682,"$2,352,531",Nevada,2017
50 - 59,690,"$3,953,718",Nevada,2017
Over 60,804,"$5,830,060",Nevada,2017
Under 20,32,"$19,653",New Hampshire,2017
20 - 29,90,"$41,935",New Hampshire,2017
30 - 39,116,"$754,830",New Hampshire,2017
40 - 49,116,"$664,368",New Hampshire,2017
50 - 59,190,"$616,634",New Hampshire,2017
Over 60,218,"$1,024,966",New Hampshire,2017
Under 20,260,"$187,950",New Jersey,2017
20 - 29,915,"$1,958,677",New Jersey,2017
30 - 39,983,"$7,115,133",New Jersey,2017
40 - 49,"1,226","$4,528,176",New Jersey,2017
50 - 59,"1,279","$6,975,770",New Jersey,2017
Over 60,"1,028","$7,071,057",New Jersey,2017
Under 20,40,"$28,590",New Mexico,2017
20 - 29,147,"$129,144",New Mexico,2017
30 - 39,198,"$1,588,397",New Mexico,2017
40 - 49,211,"$385,756",New Mexico,2017
50 - 59,202,"$585,840",New Mexico,2017
Over 60,361,"$1,670,038",New Mexico,2017
Under 20,500,"$243,629",New York,2017
20 - 29,"2,549","$3,212,084",New York,2017
30 - 39,"2,670","$10,844,292",New York,2017
40 - 49,"2,405","$20,317,222",New York,2017
50 - 59,"2,299","$14,765,299",New York,2017
Over 60,"3,190","$17,753,008",New York,2017
Under 20,205,"$238,951",North Carolina,2017
20 - 29,912,"$928,923",North Carolina,2017
30 - 39,955,"$1,946,573",North Carolina,2017
40 - 49,"1,024","$3,519,795",North Carolina,2017
50 - 59,963,"$5,206,442",North Carolina,2017
Over 60,"1,539","$6,495,224",North Carolina,2017
Under 20,12,"$8,157",North Dakota,2017
20 - 29,65,"$37,779",North Dakota,2017
30 - 39,59,"$42,054",North Dakota,2017
40 - 49,44,"$1,025,361",North Dakota,2017
50 - 59,60,"$251,377",North Dakota,2017
Over 60,46,"$301,495",North Dakota,2017
Under 20,0,$0,Northern Mariana Islands,2017
20 - 29,0,$0,Northern Mariana Islands,2017
30 - 39,7,"$1,828",Northern Mariana Islands,2017
40 - 49,2,"$17,274",Northern Mariana Islands,2017
50 - 59,0,$0,Northern Mariana Islands,2017
Over 60,1,"$1,800",Northern Mariana Islands,2017
Under 20,217,"$165,616",Ohio,2017
20 - 29,851,"$935,065",Ohio,2017
30 - 39,"1,004","$5,671,025",Ohio,2017
40 - 49,"1,013","$4,081,118",Ohio,2017
50 - 59,"1,024","$3,531,892",Ohio,2017
Over 60,"1,756","$8,738,338",Ohio,2017
Under 20,77,"$49,565",Oklahoma,2017
20 - 29,306,"$442,484",Oklahoma,2017
30 - 39,777,"$610,723",Oklahoma,2017
40 - 49,355,"$1,640,237",Oklahoma,2017
50 - 59,372,"$2,478,109",Oklahoma,2017
Over 60,487,"$3,880,029",Oklahoma,2017
Under 20,83,"$114,264",Oregon,2017
20 - 29,343,"$676,888",Oregon,2017
30 - 39,508,"$934,831",Oregon,2017
40 - 49,556,"$3,197,120",Oregon,2017
50 - 59,519,"$1,930,649",Oregon,2017
Over 60,713,"$2,527,258",Oregon,2017
Under 20,291,"$452,503",Pennsylvania,2017
20 - 29,"3,225","$1,284,870",Pennsylvania,2017
30 - 39,"1,265","$4,502,156",Pennsylvania,2017
40 - 49,"1,266","$3,789,747",Pennsylvania,2017
50 - 59,"1,469","$7,499,354",Pennsylvania,2017
Over 60,"1,584","$8,632,721",Pennsylvania,2017
Under 20,20,"$21,786",Puerto Rico,2017
20 - 29,86,"$27,711",Puerto Rico,2017
30 - 39,123,"$631,981",Puerto Rico,2017
40 - 49,146,"$292,768",Puerto Rico,2017
50 - 59,86,"$237,400",Puerto Rico,2017
Over 60,72,"$220,089",Puerto Rico,2017
Under 20,29,"$8,219",Rhode Island,2017
20 - 29,105,"$77,438",Rhode Island,2017
30 - 39,140,"$57,521",Rhode Island,2017
40 - 49,107,"$723,271",Rhode Island,2017
50 - 59,99,"$563,530",Rhode Island,2017
Over 60,109,"$1,242,593",Rhode Island,2017
Under 20,101,"$68,278",South Carolina,2017
20 - 29,414,"$661,024",South Carolina,2017
30 - 39,560,"$1,097,497",South Carolina,2017
40 - 49,495,"$3,941,446",South Carolina,2017
50 - 59,491,"$1,065,797",South Carolina,2017
Over 60,749,"$3,686,471",South Carolina,2017
Under 20,11,"$4,581",South Dakota,2017
20 - 29,50,"$17,928",South Dakota,2017
30 - 39,62,"$107,346",South Dakota,2017
40 - 49,36,"$218,910",South Dakota,2017
50 - 59,77,"$371,868",South Dakota,2017
Over 60,80,"$102,695",South Dakota,2017
Under 20,138,"$73,488",Tennessee,2017
20 - 29,611,"$570,538",Tennessee,2017
30 - 39,749,"$1,090,398",Tennessee,2017
40 - 49,823,"$1,324,592",Tennessee,2017
50 - 59,696,"$3,634,441",Tennessee,2017
Over 60,856,"$4,599,996",Tennessee,2017
Under 20,618,"$1,107,479",Texas,2017
20 - 29,"2,635","$3,781,893",Texas,2017
30 - 39,"3,690","$12,884,804",Texas,2017
40 - 49,"3,154","$15,626,803",Texas,2017
50 - 59,"3,073","$28,055,493",Texas,2017
Over 60,"3,203","$35,076,462",Texas,2017
Under 20,3,$520,United States Minor Outlying Islands,2017
20 - 29,11,"$6,258",United States Minor Outlying Islands,2017
30 - 39,5,"$19,080",United States Minor Outlying Islands,2017
40 - 49,5,"$4,006",United States Minor Outlying Islands,2017
50 - 59,11,"$14,300",United States Minor Outlying Islands,2017
Over 60,9,"$16,689",United States Minor Outlying Islands,2017
Under 20,86,"$51,642",Utah,2017
20 - 29,297,"$362,999",Utah,2017
30 - 39,366,"$1,173,371",Utah,2017
40 - 49,386,"$2,419,216",Utah,2017
50 - 59,293,"$2,469,174",Utah,2017
Over 60,377,"$1,613,842",Utah,2017
Under 20,15,"$4,805",Vermont,2017
20 - 29,56,"$24,225",Vermont,2017
30 - 39,51,"$29,113",Vermont,2017
40 - 49,44,"$398,328",Vermont,2017
50 - 59,76,"$50,524",Vermont,2017
Over 60,100,"$639,576",Vermont,2017
Under 20,1,$600,Virgin Islands,2017
20 - 29,6,"$8,246",Virgin Islands,2017
30 - 39,7,"$1,840",Virgin Islands,2017
40 - 49,9,"$155,690",Virgin Islands,2017
50 - 59,12,"$444,876",Virgin Islands,2017
Over 60,10,"$13,498",Virgin Islands,2017
Under 20,224,"$142,300",Virginia,2017
20 - 29,965,"$1,115,340",Virginia,2017
30 - 39,"1,173","$2,536,437",Virginia,2017
40 - 49,"1,106","$4,602,034",Virginia,2017
50 - 59,"1,224","$12,436,899",Virginia,2017
Over 60,"1,272","$8,603,744",Virginia,2017
Under 20,240,"$332,310",Washington,2017
20 - 29,966,"$1,117,049",Washington,2017
30 - 39,"1,081","$3,417,562",Washington,2017
40 - 49,"1,221","$9,666,124",Washington,2017
50 - 59,"1,048","$7,725,610",Washington,2017
Over 60,"1,310","$8,681,263",Washington,2017
Under 20,33,"$8,743",West Virginia,2017
20 - 29,122,"$74,065",West Virginia,2017
30 - 39,155,"$157,926",West Virginia,2017
40 - 49,170,"$290,151",West Virginia,2017
50 - 59,177,"$261,625",West Virginia,2017
Over 60,202,"$912,835",West Virginia,2017
Under 20,99,"$48,664",Wisconsin,2017
20 - 29,482,"$522,406",Wisconsin,2017
30 - 39,480,"$1,152,665",Wisconsin,2017
40 - 49,487,"$1,767,060",Wisconsin,2017
50 - 59,"2,108","$2,749,776",Wisconsin,2017
Over 60,613,"$3,268,963",Wisconsin,2017
Under 20,13,"$27,608",Wyoming,2017
20 - 29,45,"$60,451",Wyoming,2017
30 - 39,64,"$157,476",Wyoming,2017
40 - 49,58,"$115,950",Wyoming,2017
50 - 59,79,"$549,237",Wyoming,2017
Over 60,94,"$912,435",Wyoming,2017
Under 20,141,"$56,476",Alabama,2018
20 - 29,515,"$1,209,267",Alabama,2018
30 - 39,574,"$587,869",Alabama,2018
40 - 49,620,"$2,845,466",Alabama,2018
50 - 59,562,"$4,653,732",Alabama,2018
Over 60,747,"$4,279,943",Alabama,2018
Under 20,36,"$32,064",Alaska,2018
20 - 29,149,"$303,541",Alaska,2018
30 - 39,124,"$369,979",Alaska,2018
40 - 49,228,"$419,434",Alaska,2018
50 - 59,512,"$667,870",Alaska,2018
Over 60,252,"$1,069,912",Alaska,2018
Under 20,0,$0,American Samoa,2018
20 - 29,2,$0,American Samoa,2018
30 - 39,0,$0,American Samoa,2018
40 - 49,4,$0,American Samoa,2018
50 - 59,1,$600,American Samoa,2018
Over 60,3,"$16,537",American Samoa,2018
Under 20,213,"$157,631",Arizona,2018
20 - 29,809,"$973,392",Arizona,2018
30 - 39,940,"$2,048,733",Arizona,2018
40 - 49,"1,229","$7,427,854",Arizona,2018
50 - 59,"1,072","$11,263,761",Arizona,2018
Over 60,"1,780","$12,496,669",Arizona,2018
Under 20,54,"$20,968",Arkansas,2018
20 - 29,204,"$164,875",Arkansas,2018
30 - 39,219,"$1,196,108",Arkansas,2018
40 - 49,275,"$608,157",Arkansas,2018
50 - 59,285,"$778,433",Arkansas,2018
Over 60,355,"$2,183,998",Arkansas,2018
Under 20,"1,170","$1,614,572",California,2018
20 - 29,"8,493","$17,016,078",California,2018
30 - 39,"6,533","$66,934,615",California,2018
40 - 49,"6,554","$57,839,786",California,2018
50 - 59,"6,511","$71,336,969",California,2018
Over 60,"8,182","$99,185,751",California,2018
Under 20,159,"$78,492",Colorado,2018
20 - 29,758,"$1,003,904",Colorado,2018
30 - 39,902,"$3,310,775",Colorado,2018
40 - 49,957,"$5,628,006",Colorado,2018
50 - 59,"1,009","$8,099,952",Colorado,2018
Over 60,"3,682","$11,187,540",Colorado,2018
Under 20,92,"$1,831,864",Connecticut,2018
20 - 29,307,"$530,070",Connecticut,2018
30 - 39,353,"$2,221,903",Connecticut,2018
40 - 49,589,"$2,617,387",Connecticut,2018
50 - 59,496,"$13,196,242",Connecticut,2018
Over 60,601,"$8,936,277",Connecticut,2018
Under 20,22,"$9,183",Delaware,2018
20 - 29,112,"$55,387",Delaware,2018
30 - 39,126,"$79,687",Delaware,2018
40 - 49,106,"$418,314",Delaware,2018
50 - 59,121,"$488,406",Delaware,2018
Over 60,205,"$1,044,739",Delaware,2018
Under 20,17,"$9,727",District of Columbia,2018
20 - 29,197,"$227,470",District of Columbia,2018
30 - 39,190,"$954,163",District of Columbia,2018
40 - 49,215,"$1,926,865",District of Columbia,2018
50 - 59,146,"$1,174,423",District of Columbia,2018
Over 60,138,"$389,626",District of Columbia,2018
Under 20,615,"$399,158",Florida,2018
20 - 29,"2,446","$7,742,434",Florida,2018
30 - 39,"3,197","$16,162,119",Florida,2018
40 - 49,"3,396","$23,479,464",Florida,2018
50 - 59,"3,420","$54,170,691",Florida,2018
Over 60,"5,406","$49,125,482",Florida,2018
Under 20,210,"$346,316",Georgia,2018
20 - 29,873,"$1,323,433",Georgia,2018
30 - 39,"1,008","$12,177,164",Georgia,2018
40 - 49,"2,454","$4,750,912",Georgia,2018
50 - 59,"1,092","$9,339,870",Georgia,2018
Over 60,"1,308","$17,274,612",Georgia,2018
Under 20,1,$108,Guam,2018
20 - 29,3,$250,Guam,2018
30 - 39,6,"$6,550",Guam,2018
40 - 49,7,"$37,295",Guam,2018
50 - 59,12,"$5,342",Guam,2018
Over 60,9,"$81,723",Guam,2018
Under 20,21,"$16,148",Hawaii,2018
20 - 29,114,"$124,027",Hawaii,2018
30 - 39,136,"$445,606",Hawaii,2018
40 - 49,151,"$923,208",Hawaii,2018
50 - 59,151,"$1,169,226",Hawaii,2018
Over 60,252,"$2,346,813",Hawaii,2018
Under 20,40,"$21,484",Idaho,2018
20 - 29,134,"$147,464",Idaho,2018
30 - 39,164,"$1,391,725",Idaho,2018
40 - 49,180,"$918,502",Idaho,2018
50 - 59,235,"$1,556,284",Idaho,2018
Over 60,343,"$1,352,249",Idaho,2018
Under 20,276,"$373,364",Illinois,2018
20 - 29,"1,285","$4,054,912",Illinois,2018
30 - 39,"1,466","$7,681,692",Illinois,2018
40 - 49,"1,405","$8,521,448",Illinois,2018
50 - 59,"1,260","$25,926,440",Illinois,2018
Over 60,"1,487","$15,092,465",Illinois,2018
Under 20,149,"$86,267",Indiana,2018
20 - 29,511,"$847,437",Indiana,2018
30 - 39,873,"$2,136,260",Indiana,2018
40 - 49,731,"$7,161,080",Indiana,2018
50 - 59,629,"$3,321,455",Indiana,2018
Over 60,807,"$8,159,665",Indiana,2018
Under 20,56,"$46,273",Iowa,2018
20 - 29,390,"$168,021",Iowa,2018
30 - 39,209,"$1,113,664",Iowa,2018
40 - 49,234,"$1,655,962",Iowa,2018
50 - 59,278,"$2,089,150",Iowa,2018
Over 60,367,"$2,781,538",Iowa,2018
Under 20,57,"$24,938",Kansas,2018
20 - 29,256,"$175,800",Kansas,2018
30 - 39,268,"$986,151",Kansas,2018
40 - 49,258,"$2,105,749",Kansas,2018
50 - 59,265,"$2,662,688",Kansas,2018
Over 60,449,"$2,477,084",Kansas,2018
Under 20,84,"$48,822",Kentucky,2018
20 - 29,303,"$891,773",Kentucky,2018
30 - 39,423,"$430,809",Kentucky,2018
40 - 49,418,"$1,636,303",Kentucky,2018
50 - 59,432,"$2,425,810",Kentucky,2018
Over 60,521,"$2,903,545",Kentucky,2018
Under 20,69,"$50,379",Louisiana,2018
20 - 29,350,"$599,772",Louisiana,2018
30 - 39,523,"$970,251",Louisiana,2018
40 - 49,508,"$3,038,394",Louisiana,2018
50 - 59,627,"$3,932,513",Louisiana,2018
Over 60,633,"$5,451,890",Louisiana,2018
Under 20,24,"$11,548",Maine,2018
20 - 29,78,"$34,990",Maine,2018
30 - 39,82,"$219,144",Maine,2018
40 - 49,107,"$232,647",Maine,2018
50 - 59,135,"$708,048",Maine,2018
Over 60,188,"$584,365",Maine,2018
Under 20,138,"$146,941",Maryland,2018
20 - 29,735,"$1,297,546",Maryland,2018
30 - 39,776,"$2,328,332",Maryland,2018
40 - 49,729,"$7,170,652",Maryland,2018
50 - 59,968,"$6,249,771",Maryland,2018
Over 60,"1,359","$9,715,612",Maryland,2018
Under 20,190,"$158,130",Massachusetts,2018
20 - 29,725,"$4,976,291",Massachusetts,2018
30 - 39,801,"$4,161,582",Massachusetts,2018
40 - 49,754,"$9,759,401",Massachusetts,2018
50 - 59,930,"$8,420,529",Massachusetts,2018
Over 60,"1,204","$8,724,191",Massachusetts,2018
Under 20,190,"$74,521",Michigan,2018
20 - 29,736,"$1,519,372",Michigan,2018
30 - 39,859,"$3,325,491",Michigan,2018
40 - 49,"1,487","$40,935,286",Michigan,2018
50 - 59,"1,061","$8,424,286",Michigan,2018
Over 60,"1,453","$12,272,840",Michigan,2018
Under 20,123,"$78,697",Minnesota,2018
20 - 29,391,"$8,839,494",Minnesota,2018
30 - 39,614,"$3,460,401",Minnesota,2018
40 - 49,581,"$12,258,872",Minnesota,2018
50 - 59,604,"$6,762,316",Minnesota,2018
Over 60,842,"$5,759,530",Minnesota,2018
Under 20,42,"$64,285",Mississippi,2018
20 - 29,196,"$302,604",Mississippi,2018
30 - 39,239,"$443,746",Mississippi,2018
40 - 49,217,"$633,359",Mississippi,2018
50 - 59,266,"$2,783,554",Mississippi,2018
Over 60,327,"$980,159",Mississippi,2018
Under 20,119,"$222,015",Missouri,2018
20 - 29,502,"$394,285",Missouri,2018
30 - 39,619,"$2,306,220",Missouri,2018
40 - 49,601,"$2,664,975",Missouri,2018
50 - 59,"1,587","$7,882,642",Missouri,2018
Over 60,"1,014","$6,811,857",Missouri,2018
Under 20,21,"$11,625",Montana,2018
20 - 29,70,"$20,469",Montana,2018
30 - 39,74,"$417,799",Montana,2018
40 - 49,91,"$1,369,376",Montana,2018
50 - 59,99,"$165,151",Montana,2018
Over 60,235,"$4,011,109",Montana,2018
Under 20,28,"$15,849",Nebraska,2018
20 - 29,127,"$113,807",Nebraska,2018
30 - 39,165,"$1,511,564",Nebraska,2018
40 - 49,171,"$768,128",Nebraska,2018
50 - 59,212,"$1,142,527",Nebraska,2018
Over 60,220,"$2,295,442",Nebraska,2018
Under 20,174,"$237,847",Nevada,2018
20 - 29,657,"$1,111,124",Nevada,2018
30 - 39,750,"$2,444,668",Nevada,2018
40 - 49,862,"$4,337,170",Nevada,2018
50 - 59,751,"$6,982,641",Nevada,2018
Over 60,950,"$6,580,977",Nevada,2018
Under 20,28,"$14,105",New Hampshire,2018
20 - 29,82,"$100,660",New Hampshire,2018
30 - 39,133,"$752,878",New Hampshire,2018
40 - 49,149,"$280,045",New Hampshire,2018
50 - 59,189,"$1,446,511",New Hampshire,2018
Over 60,247,"$1,642,496",New Hampshire,2018
Under 20,238,"$144,078",New Jersey,2018
20 - 29,924,"$1,825,101",New Jersey,2018
30 - 39,"1,013","$5,956,251",New Jersey,2018
40 - 49,"1,584","$7,601,829",New Jersey,2018
50 - 59,"1,403","$22,175,041",New Jersey,2018
Over 60,"1,373","$11,458,913",New Jersey,2018
Under 20,34,"$19,696",New Mexico,2018
20 - 29,168,"$193,101",New Mexico,2018
30 - 39,221,"$852,429",New Mexico,2018
40 - 49,234,"$623,441",New Mexico,2018
50 - 59,275,"$1,278,450",New Mexico,2018
Over 60,550,"$4,532,270",New Mexico,2018
Under 20,519,"$316,853",New York,2018
20 - 29,"2,144","$4,457,443",New York,2018
30 - 39,"2,497","$23,268,360",New York,2018
40 - 49,"2,752","$31,432,557",New York,2018
50 - 59,"2,385","$27,905,295",New York,2018
Over 60,"3,112","$42,198,675",New York,2018
Under 20,224,"$103,551",North Carolina,2018
20 - 29,801,"$1,008,678",North Carolina,2018
30 - 39,906,"$8,139,922",North Carolina,2018
40 - 49,"1,051","$6,399,284",North Carolina,2018
50 - 59,"1,029","$8,039,442",North Carolina,2018
Over 60,"1,717","$94,399,055",North Carolina,2018
Under 20,21,"$10,362",North Dakota,2018
20 - 29,58,"$58,486",North Dakota,2018
30 - 39,72,"$124,427",North Dakota,2018
40 - 49,55,"$322,616",North Dakota,2018
50 - 59,65,"$223,433",North Dakota,2018
Over 60,84,"$1,308,950",North Dakota,2018
Under 20,0,$0,Northern Mariana Islands,2018
20 - 29,0,$0,Northern Mariana Islands,2018
30 - 39,2,$0,Northern Mariana Islands,2018
40 - 49,5,"$13,048",Northern Mariana Islands,2018
50 - 59,3,$317,Northern Mariana Islands,2018
Over 60,1,$500,Northern Mariana Islands,2018
Under 20,251,"$153,542",Ohio,2018
20 - 29,813,"$38,119,326",Ohio,2018
30 - 39,"1,052","$3,349,514",Ohio,2018
40 - 49,"1,060","$17,338,464",Ohio,2018
50 - 59,"1,222","$8,335,126",Ohio,2018
Over 60,"1,587","$16,140,986",Ohio,2018
Under 20,77,"$38,262",Oklahoma,2018
20 - 29,262,"$272,483",Oklahoma,2018
30 - 39,464,"$1,446,285",Oklahoma,2018
40 - 49,350,"$1,480,878",Oklahoma,2018
50 - 59,383,"$2,270,843",Oklahoma,2018
Over 60,536,"$2,992,320",Oklahoma,2018
Under 20,99,"$61,366",Oregon,2018
20 - 29,368,"$365,379",Oregon,2018
30 - 39,567,"$1,260,426",Oregon,2018
40 - 49,763,"$3,627,092",Oregon,2018
50 - 59,620,"$7,107,999",Oregon,2018
Over 60,"1,031","$7,438,334",Oregon,2018
Under 20,255,"$104,045",Pennsylvania,2018
20 - 29,"1,075","$1,648,190",Pennsylvania,2018
30 - 39,"1,401","$5,980,314",Pennsylvania,2018
40 - 49,"1,282","$11,462,293",Pennsylvania,2018
50 - 59,"1,566","$11,204,205",Pennsylvania,2018
Over 60,"1,900","$18,837,351",Pennsylvania,2018
Under 20,15,"$2,145",Puerto Rico,2018
20 - 29,75,"$74,441",Puerto Rico,2018
30 - 39,112,"$355,209",Puerto Rico,2018
40 - 49,182,"$2,390,899",Puerto Rico,2018
50 - 59,105,"$140,304",Puerto Rico,2018
Over 60,96,"$1,137,493",Puerto Rico,2018
Under 20,31,"$16,939",Rhode Island,2018
20 - 29,106,"$90,469",Rhode Island,2018
30 - 39,203,"$216,240",Rhode Island,2018
40 - 49,83,"$222,021",Rhode Island,2018
50 - 59,136,"$2,544,166",Rhode Island,2018
Over 60,159,"$2,147,638",Rhode Island,2018
Under 20,96,"$62,072",South Carolina,2018
20 - 29,366,"$664,843",South Carolina,2018
30 - 39,488,"$2,438,056",South Carolina,2018
40 - 49,530,"$4,674,969",South Carolina,2018
50 - 59,545,"$2,717,558",South Carolina,2018
Over 60,756,"$6,618,124",South Carolina,2018
Under 20,16,"$3,844",South Dakota,2018
20 - 29,48,"$57,858",South Dakota,2018
30 - 39,62,"$36,528",South Dakota,2018
40 - 49,67,"$298,305",South Dakota,2018
50 - 59,71,"$256,033",South Dakota,2018
Over 60,88,"$171,280",South Dakota,2018
Under 20,129,"$56,183",Tennessee,2018
20 - 29,514,"$1,252,972",Tennessee,2018
30 - 39,634,"$1,928,750",Tennessee,2018
40 - 49,"1,103","$4,245,252",Tennessee,2018
50 - 59,768,"$7,039,761",Tennessee,2018
Over 60,"1,292","$6,259,981",Tennessee,2018
Under 20,603,"$2,902,434",Texas,2018
20 - 29,"2,660","$6,469,769",Texas,2018
30 - 39,"3,436","$20,132,225",Texas,2018
40 - 49,"5,219","$25,969,453",Texas,2018
50 - 59,"3,341","$50,983,430",Texas,2018
Over 60,"3,901","$36,184,085",Texas,2018
Under 20,1,$0,United States Minor Outlying Islands,2018
20 - 29,3,$957,United States Minor Outlying Islands,2018
30 - 39,10,"$12,595",United States Minor Outlying Islands,2018
40 - 49,7,"$2,333",United States Minor Outlying Islands,2018
50 - 59,8,"$74,991",United States Minor Outlying Islands,2018
Over 60,4,"$1,500",United States Minor Outlying Islands,2018
Under 20,93,"$76,764",Utah,2018
20 - 29,395,"$556,906",Utah,2018
30 - 39,430,"$2,714,650",Utah,2018
40 - 49,435,"$5,705,239",Utah,2018
50 - 59,367,"$1,476,526",Utah,2018
Over 60,539,"$6,807,684",Utah,2018
Under 20,10,"$5,670",Vermont,2018
20 - 29,49,"$253,340",Vermont,2018
30 - 39,58,"$182,874",Vermont,2018
40 - 49,49,"$692,432",Vermont,2018
50 - 59,76,"$234,384",Vermont,2018
Over 60,156,"$588,849",Vermont,2018
Under 20,2,$0,Virgin Islands,2018
20 - 29,10,"$1,490",Virgin Islands,2018
30 - 39,11,"$6,121",Virgin Islands,2018
40 - 49,9,"$474,385",Virgin Islands,2018
50 - 59,10,"$16,900",Virgin Islands,2018
Over 60,11,"$2,191,681",Virgin Islands,2018
Under 20,226,"$144,718",Virginia,2018
20 - 29,944,"$1,421,617",Virginia,2018
30 - 39,"1,139","$3,033,899",Virginia,2018
40 - 49,"1,158","$8,504,840",Virginia,2018
50 - 59,"1,347","$7,374,062",Virginia,2018
Over 60,"1,734","$13,688,504",Virginia,2018
Under 20,241,"$369,530",Washington,2018
20 - 29,"1,007","$1,584,445",Washington,2018
30 - 39,"1,055","$9,890,178",Washington,2018
40 - 49,"1,380","$5,546,154",Washington,2018
50 - 59,"1,263","$14,382,151",Washington,2018
Over 60,"1,857","$15,886,285",Washington,2018
Under 20,41,"$17,173",West Virginia,2018
20 - 29,99,"$150,318",West Virginia,2018
30 - 39,160,"$1,565,040",West Virginia,2018
40 - 49,186,"$2,162,418",West Virginia,2018
50 - 59,173,"$538,671",West Virginia,2018
Over 60,228,"$3,088,528",West Virginia,2018
Under 20,140,"$83,751",Wisconsin,2018
20 - 29,482,"$473,201",Wisconsin,2018
30 - 39,579,"$1,272,694",Wisconsin,2018
40 - 49,568,"$4,437,981",Wisconsin,2018
50 - 59,"2,558","$5,016,607",Wisconsin,2018
Over 60,845,"$7,559,572",Wisconsin,2018
Under 20,8,"$2,000",Wyoming,2018
20 - 29,43,"$24,678",Wyoming,2018
30 - 39,62,"$44,252",Wyoming,2018
40 - 49,69,"$670,620",Wyoming,2018
50 - 59,80,"$955,378",Wyoming,2018
Over 60,121,"$2,468,719",Wyoming,2018
Under 20,146,"$81,681",Alabama,2019
20 - 29,464,"$934,705",Alabama,2019
30 - 39,507,"$956,739",Alabama,2019
40 - 49,632,"$4,178,856",Alabama,2019
50 - 59,566,"$2,212,334",Alabama,2019
Over 60,755,"$7,655,970",Alabama,2019
Under 20,41,"$29,157",Alaska,2019
20 - 29,129,"$150,786",Alaska,2019
30 - 39,142,"$2,001,375",Alaska,2019
40 - 49,170,"$458,047",Alaska,2019
50 - 59,521,"$1,753,143",Alaska,2019
Over 60,253,"$4,239,363",Alaska,2019
Under 20,3,$50,American Samoa,2019
20 - 29,0,$0,American Samoa,2019
30 - 39,2,$381,American Samoa,2019
40 - 49,1,$0,American Samoa,2019
50 - 59,1,$100,American Samoa,2019
Over 60,7,"$15,628",American Samoa,2019
Under 20,257,"$259,569",Arizona,2019
20 - 29,844,"$1,661,424",Arizona,2019
30 - 39,991,"$5,143,586",Arizona,2019
40 - 49,"1,129","$4,793,282",Arizona,2019
50 - 59,"1,081","$10,441,494",Arizona,2019
Over 60,"1,686","$13,368,416",Arizona,2019
Under 20,64,"$24,165",Arkansas,2019
20 - 29,180,"$213,088",Arkansas,2019
30 - 39,284,"$1,285,129",Arkansas,2019
40 - 49,286,"$11,996,811",Arkansas,2019
50 - 59,282,"$1,058,099",Arkansas,2019
Over 60,368,"$5,632,277",Arkansas,2019
Under 20,"1,433","$6,253,235",California,2019
20 - 29,"6,164","$23,629,945",California,2019
30 - 39,"7,303","$54,257,512",California,2019
40 - 49,"7,875","$92,849,219",California,2019
50 - 59,"6,142","$119,963,383",California,2019
Over 60,"8,594","$166,648,923",California,2019
Under 20,197,"$5,327,785",Colorado,2019
20 - 29,830,"$1,092,819",Colorado,2019
30 - 39,"1,019","$6,689,121",Colorado,2019
40 - 49,"1,053","$12,808,794",Colorado,2019
50 - 59,963,"$9,030,353",Colorado,2019
Over 60,"3,809","$15,555,927",Colorado,2019
Under 20,122,"$454,342",Connecticut,2019
20 - 29,332,"$511,384",Connecticut,2019
30 - 39,471,"$5,537,352",Connecticut,2019
40 - 49,"1,315","$4,515,318",Connecticut,2019
50 - 59,512,"$10,597,812",Connecticut,2019
Over 60,635,"$6,102,168",Connecticut,2019
Under 20,28,"$129,628",Delaware,2019
20 - 29,103,"$185,886",Delaware,2019
30 - 39,146,"$1,056,681",Delaware,2019
40 - 49,130,"$324,341",Delaware,2019
50 - 59,143,"$448,347",Delaware,2019
Over 60,215,"$1,964,896",Delaware,2019
Under 20,28,"$160,303",District of Columbia,2019
20 - 29,183,"$306,551",District of Columbia,2019
30 - 39,229,"$2,886,625",District of Columbia,2019
40 - 49,146,"$1,142,186",District of Columbia,2019
50 - 59,140,"$2,161,357",District of Columbia,2019
Over 60,174,"$2,566,236",District of Columbia,2019
Under 20,903,"$1,597,874",Florida,2019
20 - 29,"2,567","$6,598,477",Florida,2019
30 - 39,"3,111","$20,136,001",Florida,2019
40 - 49,"4,039","$33,786,973",Florida,2019
50 - 59,"3,723","$36,765,502",Florida,2019
Over 60,"6,106","$113,711,947",Florida,2019
Under 20,246,"$151,345",Georgia,2019
20 - 29,875,"$2,099,641",Georgia,2019
30 - 39,"1,130","$8,092,413",Georgia,2019
40 - 49,"1,196","$10,703,051",Georgia,2019
50 - 59,"1,148","$9,063,474",Georgia,2019
Over 60,"1,431","$25,533,117",Georgia,2019
Under 20,2,$0,Guam,2019
20 - 29,7,$630,Guam,2019
30 - 39,11,"$2,864",Guam,2019
40 - 49,10,$200,Guam,2019
50 - 59,10,"$811,130",Guam,2019
Over 60,18,"$83,441",Guam,2019
Under 20,22,"$480,806",Hawaii,2019
20 - 29,136,"$208,230",Hawaii,2019
30 - 39,135,"$1,258,137",Hawaii,2019
40 - 49,273,"$542,946",Hawaii,2019
50 - 59,182,"$2,737,455",Hawaii,2019
Over 60,319,"$3,786,008",Hawaii,2019
Under 20,53,"$21,618",Idaho,2019
20 - 29,141,"$101,276",Idaho,2019
30 - 39,202,"$763,395",Idaho,2019
40 - 49,180,"$1,160,862",Idaho,2019
50 - 59,269,"$5,056,793",Idaho,2019
Over 60,322,"$4,474,004",Idaho,2019
Under 20,271,"$1,793,851",Illinois,2019
20 - 29,"1,189","$1,737,363",Illinois,2019
30 - 39,"1,354","$5,874,887",Illinois,2019
40 - 49,"1,377","$16,638,306",Illinois,2019
50 - 59,"1,314","$22,506,741",Illinois,2019
Over 60,"1,797","$17,990,285",Illinois,2019
Under 20,152,"$387,620",Indiana,2019
20 - 29,531,"$1,075,867",Indiana,2019
30 - 39,"4,546","$4,286,855",Indiana,2019
40 - 49,668,"$2,166,835",Indiana,2019
50 - 59,754,"$3,612,619",Indiana,2019
Over 60,893,"$5,461,323",Indiana,2019
Under 20,56,"$31,650",Iowa,2019
20 - 29,"3,532","$636,960",Iowa,2019
30 - 39,213,"$3,126,286",Iowa,2019
40 - 49,234,"$9,776,873",Iowa,2019
50 - 59,239,"$4,058,888",Iowa,2019
Over 60,364,"$4,609,965",Iowa,2019
Under 20,80,"$249,271",Kansas,2019
20 - 29,212,"$4,623,410",Kansas,2019
30 - 39,263,"$1,417,587",Kansas,2019
40 - 49,255,"$479,158",Kansas,2019
50 - 59,261,"$2,525,612",Kansas,2019
Over 60,437,"$2,654,033",Kansas,2019
Under 20,113,"$95,776",Kentucky,2019
20 - 29,348,"$483,702",Kentucky,2019
30 - 39,441,"$1,192,834",Kentucky,2019
40 - 49,568,"$1,226,238",Kentucky,2019
50 - 59,467,"$2,268,996",Kentucky,2019
Over 60,486,"$2,856,860",Kentucky,2019
Under 20,108,"$207,481",Louisiana,2019
20 - 29,470,"$492,673",Louisiana,2019
30 - 39,462,"$949,348",Louisiana,2019
40 - 49,559,"$2,593,068",Louisiana,2019
50 - 59,827,"$8,553,674",Louisiana,2019
Over 60,617,"$5,187,083",Louisiana,2019
Under 20,30,"$31,908",Maine,2019
20 - 29,74,"$238,313",Maine,2019
30 - 39,105,"$1,254,593",Maine,2019
40 - 49,119,"$178,501",Maine,2019
50 - 59,116,"$212,175",Maine,2019
Over 60,224,"$853,337",Maine,2019
Under 20,178,"$489,033",Maryland,2019
20 - 29,783,"$1,061,515",Maryland,2019
30 - 39,817,"$3,997,753",Maryland,2019
40 - 49,829,"$5,490,281",Maryland,2019
50 - 59,982,"$14,760,237",Maryland,2019
Over 60,"1,340","$17,360,718",Maryland,2019
Under 20,176,"$366,139",Massachusetts,2019
20 - 29,846,"$4,027,892",Massachusetts,2019
30 - 39,717,"$13,626,405",Massachusetts,2019
40 - 49,778,"$25,660,203",Massachusetts,2019
50 - 59,837,"$11,339,970",Massachusetts,2019
Over 60,"1,243","$11,234,228",Massachusetts,2019
Under 20,238,"$1,159,467",Michigan,2019
20 - 29,818,"$2,288,344",Michigan,2019
30 - 39,997,"$4,811,103",Michigan,2019
40 - 49,"1,337","$7,504,519",Michigan,2019
50 - 59,"1,116","$8,505,972",Michigan,2019
Over 60,"1,661","$11,488,362",Michigan,2019
Under 20,123,"$68,448",Minnesota,2019
20 - 29,476,"$899,135",Minnesota,2019
30 - 39,599,"$5,068,296",Minnesota,2019
40 - 49,594,"$6,108,445",Minnesota,2019
50 - 59,706,"$8,002,692",Minnesota,2019
Over 60,927,"$10,080,113",Minnesota,2019
Under 20,56,"$19,588",Mississippi,2019
20 - 29,195,"$201,096",Mississippi,2019
30 - 39,270,"$888,592",Mississippi,2019
40 - 49,237,"$2,416,560",Mississippi,2019
50 - 59,213,"$2,450,930",Mississippi,2019
Over 60,302,"$2,919,739",Mississippi,2019
Under 20,140,"$202,424",Missouri,2019
20 - 29,451,"$594,079",Missouri,2019
30 - 39,695,"$2,312,912",Missouri,2019
40 - 49,795,"$4,447,385",Missouri,2019
50 - 59,700,"$4,207,307",Missouri,2019
Over 60,"1,160","$9,438,004",Missouri,2019
Under 20,28,"$60,622",Montana,2019
20 - 29,73,"$99,889",Montana,2019
30 - 39,107,"$228,576",Montana,2019
40 - 49,145,"$1,707,765",Montana,2019
50 - 59,137,"$257,302",Montana,2019
Over 60,249,"$5,245,892",Montana,2019
Under 20,45,"$43,249",Nebraska,2019
20 - 29,147,"$147,984",Nebraska,2019
30 - 39,170,"$619,405",Nebraska,2019
40 - 49,194,"$1,104,873",Nebraska,2019
50 - 59,183,"$2,220,460",Nebraska,2019
Over 60,256,"$6,806,030",Nebraska,2019
Under 20,213,"$417,413",Nevada,2019
20 - 29,791,"$827,350",Nevada,2019
30 - 39,956,"$7,153,998",Nevada,2019
40 - 49,921,"$4,726,618",Nevada,2019
50 - 59,786,"$7,374,133",Nevada,2019
Over 60,"1,132","$9,890,900",Nevada,2019
Under 20,36,"$95,341",New Hampshire,2019
20 - 29,92,"$120,289",New Hampshire,2019
30 - 39,127,"$113,217",New Hampshire,2019
40 - 49,167,"$1,081,181",New Hampshire,2019
50 - 59,197,"$1,299,175",New Hampshire,2019
Over 60,278,"$2,108,114",New Hampshire,2019
Under 20,225,"$569,376",New Jersey,2019
20 - 29,912,"$1,562,561",New Jersey,2019
30 - 39,"1,038","$8,546,651",New Jersey,2019
40 - 49,"1,533","$35,139,152",New Jersey,2019
50 - 59,"2,121","$13,294,149",New Jersey,2019
Over 60,"1,454","$16,484,335",New Jersey,2019
Under 20,54,"$20,329",New Mexico,2019
20 - 29,157,"$205,094",New Mexico,2019
30 - 39,265,"$398,562",New Mexico,2019
40 - 49,230,"$446,898",New Mexico,2019
50 - 59,253,"$2,401,415",New Mexico,2019
Over 60,493,"$13,509,629",New Mexico,2019
Under 20,580,"$4,574,104",New York,2019
20 - 29,"2,469","$8,062,428",New York,2019
30 - 39,"2,979","$26,170,488",New York,2019
40 - 49,"2,583","$33,130,370",New York,2019
50 - 59,"2,394","$31,662,839",New York,2019
Over 60,"3,160","$34,301,776",New York,2019
Under 20,258,"$253,823",North Carolina,2019
20 - 29,882,"$2,383,787",North Carolina,2019
30 - 39,"1,015","$7,664,948",North Carolina,2019
40 - 49,"1,071","$6,443,219",North Carolina,2019
50 - 59,"1,105","$9,239,184",North Carolina,2019
Over 60,"1,636","$11,026,791",North Carolina,2019
Under 20,16,"$2,573",North Dakota,2019
20 - 29,60,"$91,744",North Dakota,2019
30 - 39,88,"$594,345",North Dakota,2019
40 - 49,82,"$877,857",North Dakota,2019
50 - 59,66,"$1,199,248",North Dakota,2019
Over 60,77,"$537,454",North Dakota,2019
Under 20,0,$0,Northern Mariana Islands,2019
20 - 29,1,$0,Northern Mariana Islands,2019
30 - 39,3,"$1,000",Northern Mariana Islands,2019
40 - 49,1,$0,Northern Mariana Islands,2019
50 - 59,0,$0,Northern Mariana Islands,2019
Over 60,4,"$1,300",Northern Mariana Islands,2019
Under 20,231,"$851,219",Ohio,2019
20 - 29,876,"$1,285,280",Ohio,2019
30 - 39,"1,161","$8,025,735",Ohio,2019
40 - 49,"1,185","$4,054,324",Ohio,2019
50 - 59,"1,287","$11,365,216",Ohio,2019
Over 60,"2,432","$10,662,193",Ohio,2019
Under 20,69,"$194,872",Oklahoma,2019
20 - 29,281,"$535,248",Oklahoma,2019
30 - 39,410,"$2,711,566",Oklahoma,2019
40 - 49,400,"$5,181,024",Oklahoma,2019
50 - 59,352,"$10,594,410",Oklahoma,2019
Over 60,786,"$6,171,635",Oklahoma,2019
Under 20,109,"$265,580",Oregon,2019
20 - 29,460,"$5,206,324",Oregon,2019
30 - 39,615,"$6,783,970",Oregon,2019
40 - 49,650,"$2,814,529",Oregon,2019
50 - 59,753,"$2,726,870",Oregon,2019
Over 60,"1,143","$10,776,858",Oregon,2019
Under 20,312,"$2,760,692",Pennsylvania,2019
20 - 29,"1,169","$2,368,069",Pennsylvania,2019
30 - 39,"1,422","$5,732,498",Pennsylvania,2019
40 - 49,"1,359","$24,230,781",Pennsylvania,2019
50 - 59,"1,491","$17,525,050",Pennsylvania,2019
Over 60,"2,032","$18,555,041",Pennsylvania,2019
Under 20,19,"$19,752",Puerto Rico,2019
20 - 29,86,"$60,308",Puerto Rico,2019
30 - 39,114,"$440,987",Puerto Rico,2019
40 - 49,193,"$2,649,496",Puerto Rico,2019
50 - 59,188,"$3,496,400",Puerto Rico,2019
Over 60,129,"$383,561",Puerto Rico,2019
Under 20,26,"$9,324",Rhode Island,2019
20 - 29,114,"$122,714",Rhode Island,2019
30 - 39,168,"$279,042",Rhode Island,2019
40 - 49,170,"$821,598",Rhode Island,2019
50 - 59,146,"$2,062,064",Rhode Island,2019
Over 60,169,"$4,778,260",Rhode Island,2019
Under 20,121,"$161,145",South Carolina,2019
20 - 29,716,"$558,042",South Carolina,2019
30 - 39,561,"$1,048,143",South Carolina,2019
40 - 49,539,"$3,338,773",South Carolina,2019
50 - 59,954,"$3,517,766",South Carolina,2019
Over 60,854,"$5,521,749",South Carolina,2019
Under 20,14,"$8,911",South Dakota,2019
20 - 29,54,"$82,967",South Dakota,2019
30 - 39,55,"$71,902",South Dakota,2019
40 - 49,74,"$746,503",South Dakota,2019
50 - 59,81,"$132,742",South Dakota,2019
Over 60,89,"$1,497,758",South Dakota,2019
Under 20,153,"$491,863",Tennessee,2019
20 - 29,594,"$1,104,266",Tennessee,2019
30 - 39,699,"$1,770,551",Tennessee,2019
40 - 49,847,"$2,917,496",Tennessee,2019
50 - 59,831,"$4,738,543",Tennessee,2019
Over 60,"1,199","$14,035,513",Tennessee,2019
Under 20,809,"$3,920,786",Texas,2019
20 - 29,"3,020","$6,406,752",Texas,2019
30 - 39,"3,605","$20,828,130",Texas,2019
40 - 49,"3,928","$38,134,761",Texas,2019
50 - 59,"3,391","$42,511,733",Texas,2019
Over 60,"4,500","$54,484,867",Texas,2019
Under 20,1,"$3,470",United States Minor Outlying Islands,2019
20 - 29,6,"$2,053",United States Minor Outlying Islands,2019
30 - 39,6,"$3,850",United States Minor Outlying Islands,2019
40 - 49,1,$800,United States Minor Outlying Islands,2019
50 - 59,7,"$66,965",United States Minor Outlying Islands,2019
Over 60,11,"$25,674",United States Minor Outlying Islands,2019
Under 20,166,"$2,317,677",Utah,2019
20 - 29,434,"$1,129,439",Utah,2019
30 - 39,458,"$1,355,243",Utah,2019
40 - 49,459,"$4,492,309",Utah,2019
50 - 59,415,"$4,622,666",Utah,2019
Over 60,599,"$28,106,710",Utah,2019
Under 20,5,$300,Vermont,2019
20 - 29,38,"$37,361",Vermont,2019
30 - 39,66,"$59,570",Vermont,2019
40 - 49,48,"$368,353",Vermont,2019
50 - 59,71,"$270,048",Vermont,2019
Over 60,99,"$789,814",Vermont,2019
Under 20,0,$0,Virgin Islands,2019
20 - 29,8,"$4,303",Virgin Islands,2019
30 - 39,10,"$11,900",Virgin Islands,2019
40 - 49,14,"$39,054",Virgin Islands,2019
50 - 59,7,"$274,579",Virgin Islands,2019
Over 60,15,"$1,160,290",Virgin Islands,2019
Under 20,245,"$227,457",Virginia,2019
20 - 29,"1,001","$2,506,141",Virginia,2019
30 - 39,"1,119","$6,774,405",Virginia,2019
40 - 49,"1,320","$18,099,371",Virginia,2019
50 - 59,"1,373","$15,516,981",Virginia,2019
Over 60,"1,759","$19,325,061",Virginia,2019
Under 20,263,"$184,458",Washington,2019
20 - 29,994,"$2,298,494",Washington,2019
30 - 39,"1,243","$6,018,074",Washington,2019
40 - 49,"1,219","$12,990,418",Washington,2019
50 - 59,"1,292","$24,090,888",Washington,2019
Over 60,"1,760","$16,217,411",Washington,2019
Under 20,31,"$9,766",West Virginia,2019
20 - 29,131,"$324,762",West Virginia,2019
30 - 39,168,"$336,673",West Virginia,2019
40 - 49,256,"$711,474",West Virginia,2019
50 - 59,159,"$1,985,731",West Virginia,2019
Over 60,239,"$1,476,159",West Virginia,2019
Under 20,143,"$120,708",Wisconsin,2019
20 - 29,479,"$1,294,555",Wisconsin,2019
30 - 39,536,"$2,091,397",Wisconsin,2019
40 - 49,555,"$2,353,592",Wisconsin,2019
50 - 59,"2,825","$4,659,873",Wisconsin,2019
Over 60,787,"$5,682,350",Wisconsin,2019
Under 20,18,"$33,398",Wyoming,2019
20 - 29,65,"$137,661",Wyoming,2019
30 - 39,79,"$92,049",Wyoming,2019
40 - 49,66,"$619,649",Wyoming,2019
50 - 59,82,"$257,647",Wyoming,2019
Over 60,131,"$345,559",Wyoming,2019
Under 20,194,"$165,113",Alabama,2020
20 - 29,724,"$1,915,035",Alabama,2020
30 - 39,887,"$1,391,229",Alabama,2020
40 - 49,907,"$5,080,477",Alabama,2020
50 - 59,848,"$4,535,743",Alabama,2020
Over 60,"1,040","$7,863,338",Alabama,2020
Under 20,66,"$76,889",Alaska,2020
20 - 29,214,"$500,004",Alaska,2020
30 - 39,192,"$1,141,567",Alaska,2020
40 - 49,240,"$979,352",Alaska,2020
50 - 59,469,"$900,403",Alaska,2020
Over 60,563,"$2,561,387",Alaska,2020
Under 20,1,$0,American Samoa,2020
20 - 29,4,"$47,464",American Samoa,2020
30 - 39,3,$500,American Samoa,2020
40 - 49,3,"$7,389,409",American Samoa,2020
50 - 59,2,"$369,000",American Samoa,2020
Over 60,2,$0,American Samoa,2020
Under 20,412,"$2,149,407",Arizona,2020
20 - 29,"1,371","$3,804,565",Arizona,2020
30 - 39,"1,869","$8,243,067",Arizona,2020
40 - 49,"1,800","$13,929,074",Arizona,2020
50 - 59,"1,794","$8,352,211",Arizona,2020
Over 60,"3,053","$27,038,828",Arizona,2020
Under 20,104,"$78,794",Arkansas,2020
20 - 29,335,"$524,089",Arkansas,2020
30 - 39,511,"$4,208,241",Arkansas,2020
40 - 49,"1,557","$2,531,905",Arkansas,2020
50 - 59,478,"$5,299,929",Arkansas,2020
Over 60,636,"$3,497,078",Arkansas,2020
Under 20,"2,261","$7,855,323",California,2020
20 - 29,"9,082","$34,331,202",California,2020
30 - 39,"11,120","$91,468,664",California,2020
40 - 49,"11,736","$80,933,593",California,2020
50 - 59,"9,530","$126,241,838",California,2020
Over 60,"12,534","$152,644,032",California,2020
Under 20,284,"$850,208",Colorado,2020
20 - 29,"1,116","$2,455,570",Colorado,2020
30 - 39,"1,555","$17,859,671",Colorado,2020
40 - 49,"1,544","$19,268,252",Colorado,2020
50 - 59,"1,521","$19,888,234",Colorado,2020
Over 60,"4,335","$20,852,509",Colorado,2020
Under 20,171,"$311,779",Connecticut,2020
20 - 29,561,"$1,659,418",Connecticut,2020
30 - 39,700,"$2,292,996",Connecticut,2020
40 - 49,"1,097","$5,007,358",Connecticut,2020
50 - 59,768,"$15,658,093",Connecticut,2020
Over 60,"1,057","$10,645,305",Connecticut,2020
Under 20,71,"$54,445",Delaware,2020
20 - 29,279,"$503,231",Delaware,2020
30 - 39,244,"$382,835",Delaware,2020
40 - 49,223,"$777,408",Delaware,2020
50 - 59,204,"$1,096,966",Delaware,2020
Over 60,371,"$2,276,129",Delaware,2020
Under 20,50,"$1,305,148",District of Columbia,2020
20 - 29,242,"$899,717",District of Columbia,2020
30 - 39,328,"$1,337,019",District of Columbia,2020
40 - 49,253,"$3,221,707",District of Columbia,2020
50 - 59,244,"$2,422,225",District of Columbia,2020
Over 60,252,"$5,136,728",District of Columbia,2020
Under 20,"6,614","$5,086,248",Florida,2020
20 - 29,"4,760","$11,848,968",Florida,2020
30 - 39,"7,168","$34,291,229",Florida,2020
40 - 49,"8,204","$60,039,514",Florida,2020
50 - 59,"8,983","$47,022,737",Florida,2020
Over 60,"9,252","$84,649,328",Florida,2020
Under 20,438,"$1,632,027",Georgia,2020
20 - 29,"1,464","$3,343,006",Georgia,2020
30 - 39,"2,066","$14,239,387",Georgia,2020
40 - 49,"1,949","$16,453,194",Georgia,2020
50 - 59,"1,844","$20,156,709",Georgia,2020
Over 60,"2,145","$25,799,082",Georgia,2020
Under 20,1,$0,Guam,2020
20 - 29,18,"$39,303",Guam,2020
30 - 39,29,"$115,211",Guam,2020
40 - 49,7,"$2,216",Guam,2020
50 - 59,19,"$11,064",Guam,2020
Over 60,18,"$55,428",Guam,2020
Under 20,53,"$828,786",Hawaii,2020
20 - 29,182,"$299,516",Hawaii,2020
30 - 39,280,"$507,520",Hawaii,2020
40 - 49,255,"$1,406,555",Hawaii,2020
50 - 59,307,"$2,221,093",Hawaii,2020
Over 60,452,"$5,436,326",Hawaii,2020
Under 20,110,"$585,786",Idaho,2020
20 - 29,253,"$295,128",Idaho,2020
30 - 39,336,"$1,386,831",Idaho,2020
40 - 49,296,"$1,871,054",Idaho,2020
50 - 59,295,"$589,013",Idaho,2020
Over 60,550,"$4,600,473",Idaho,2020
Under 20,498,"$1,587,472",Illinois,2020
20 - 29,"1,907","$5,003,523",Illinois,2020
30 - 39,"2,325","$21,521,791",Illinois,2020
40 - 49,"3,038","$11,534,810",Illinois,2020
50 - 59,"3,993","$42,513,018",Illinois,2020
Over 60,"4,227","$32,143,412",Illinois,2020
Under 20,255,"$247,117",Indiana,2020
20 - 29,861,"$1,046,598",Indiana,2020
30 - 39,"5,034","$2,283,890",Indiana,2020
40 - 49,"2,183","$8,624,837",Indiana,2020
50 - 59,"1,197","$5,006,041",Indiana,2020
Over 60,"1,519","$10,049,923",Indiana,2020
Under 20,125,"$101,722",Iowa,2020
20 - 29,"6,954","$399,921",Iowa,2020
30 - 39,406,"$765,069",Iowa,2020
40 - 49,397,"$2,248,157",Iowa,2020
50 - 59,373,"$4,578,237",Iowa,2020
Over 60,570,"$4,085,790",Iowa,2020
Under 20,107,"$231,401",Kansas,2020
20 - 29,352,"$894,871",Kansas,2020
30 - 39,487,"$1,564,530",Kansas,2020
40 - 49,526,"$4,565,165",Kansas,2020
50 - 59,546,"$1,832,761",Kansas,2020
Over 60,728,"$7,314,673",Kansas,2020
Under 20,184,"$358,624",Kentucky,2020
20 - 29,511,"$517,207",Kentucky,2020
30 - 39,697,"$2,330,048",Kentucky,2020
40 - 49,744,"$1,890,945",Kentucky,2020
50 - 59,600,"$2,688,821",Kentucky,2020
Over 60,782,"$4,056,091",Kentucky,2020
Under 20,118,"$1,551,333",Louisiana,2020
20 - 29,557,"$700,276",Louisiana,2020
30 - 39,836,"$2,566,907",Louisiana,2020
40 - 49,791,"$3,445,712",Louisiana,2020
50 - 59,889,"$9,933,091",Louisiana,2020
Over 60,855,"$5,857,104",Louisiana,2020
Under 20,47,"$298,227",Maine,2020
20 - 29,163,"$78,519",Maine,2020
30 - 39,248,"$694,123",Maine,2020
40 - 49,211,"$706,649",Maine,2020
50 - 59,263,"$1,792,048",Maine,2020
Over 60,368,"$2,471,681",Maine,2020
Under 20,323,"$1,735,630",Maryland,2020
20 - 29,"1,104","$2,503,795",Maryland,2020
30 - 39,"1,469","$5,051,590",Maryland,2020
40 - 49,"1,458","$12,046,081",Maryland,2020
50 - 59,"1,636","$13,336,496",Maryland,2020
Over 60,"2,067","$21,177,890",Maryland,2020
Under 20,323,"$1,264,341",Massachusetts,2020
20 - 29,"1,281","$3,158,631",Massachusetts,2020
30 - 39,"1,424","$9,875,689",Massachusetts,2020
40 - 49,"1,748","$15,063,624",Massachusetts,2020
50 - 59,"1,847","$17,842,528",Massachusetts,2020
Over 60,"2,309","$20,447,349",Massachusetts,2020
Under 20,420,"$1,735,615",Michigan,2020
20 - 29,"1,375","$2,170,519",Michigan,2020
30 - 39,"1,716","$25,805,061",Michigan,2020
40 - 49,"1,815","$8,539,660",Michigan,2020
50 - 59,"1,928","$14,257,504",Michigan,2020
Over 60,"2,499","$18,844,350",Michigan,2020
Under 20,218,"$290,693",Minnesota,2020
20 - 29,719,"$1,091,620",Minnesota,2020
30 - 39,965,"$3,713,860",Minnesota,2020
40 - 49,"1,010","$5,449,514",Minnesota,2020
50 - 59,"1,063","$6,382,082",Minnesota,2020
Over 60,"1,542","$15,730,641",Minnesota,2020
Under 20,67,"$32,378",Mississippi,2020
20 - 29,293,"$511,468",Mississippi,2020
30 - 39,437,"$2,052,447",Mississippi,2020
40 - 49,452,"$1,748,084",Mississippi,2020
50 - 59,332,"$824,656",Mississippi,2020
Over 60,461,"$2,213,731",Mississippi,2020
Under 20,195,"$3,204,366",Missouri,2020
20 - 29,753,"$2,798,248",Missouri,2020
30 - 39,"1,427","$3,726,182",Missouri,2020
40 - 49,"1,171","$69,402,868",Missouri,2020
50 - 59,"1,104","$8,250,519",Missouri,2020
Over 60,"1,578","$16,236,719",Missouri,2020
Under 20,41,"$26,888",Montana,2020
20 - 29,140,"$238,688",Montana,2020
30 - 39,160,"$200,913",Montana,2020
40 - 49,194,"$234,002",Montana,2020
50 - 59,178,"$282,319",Montana,2020
Over 60,335,"$4,131,902",Montana,2020
Under 20,65,"$49,490",Nebraska,2020
20 - 29,249,"$265,058",Nebraska,2020
30 - 39,319,"$1,124,758",Nebraska,2020
40 - 49,364,"$737,712",Nebraska,2020
50 - 59,311,"$1,185,606",Nebraska,2020
Over 60,404,"$4,048,483",Nebraska,2020
Under 20,356,"$450,971",Nevada,2020
20 - 29,"1,258","$2,037,028",Nevada,2020
30 - 39,"1,938","$4,539,640",Nevada,2020
40 - 49,"3,556","$5,513,881",Nevada,2020
50 - 59,"3,742","$13,101,546",Nevada,2020
Over 60,"2,767","$11,580,787",Nevada,2020
Under 20,45,"$67,844",New Hampshire,2020
20 - 29,205,"$173,917",New Hampshire,2020
30 - 39,239,"$364,182",New Hampshire,2020
40 - 49,309,"$1,054,283",New Hampshire,2020
50 - 59,366,"$961,174",New Hampshire,2020
Over 60,543,"$1,722,542",New Hampshire,2020
Under 20,584,"$848,585",New Jersey,2020
20 - 29,"1,523","$4,790,077",New Jersey,2020
30 - 39,"1,973","$9,932,530",New Jersey,2020
40 - 49,"1,984","$11,723,226",New Jersey,2020
50 - 59,"3,497","$20,127,017",New Jersey,2020
Over 60,"2,671","$27,505,005",New Jersey,2020
Under 20,100,"$162,106",New Mexico,2020
20 - 29,287,"$258,620",New Mexico,2020
30 - 39,376,"$2,657,112",New Mexico,2020
40 - 49,432,"$1,836,229",New Mexico,2020
50 - 59,428,"$3,567,603",New Mexico,2020
Over 60,837,"$7,127,910",New Mexico,2020
Under 20,957,"$4,843,592",New York,2020
20 - 29,"4,301","$22,063,434",New York,2020
30 - 39,"4,925","$35,081,741",New York,2020
40 - 49,"4,020","$59,230,500",New York,2020
50 - 59,"4,225","$57,969,666",New York,2020
Over 60,"6,021","$55,314,852",New York,2020
Under 20,435,"$316,426",North Carolina,2020
20 - 29,"1,516","$2,302,906",North Carolina,2020
30 - 39,"1,681","$6,162,396",North Carolina,2020
40 - 49,"1,826","$11,821,376",North Carolina,2020
50 - 59,"1,892","$11,713,978",North Carolina,2020
Over 60,"2,472","$27,854,588",North Carolina,2020
Under 20,19,"$284,186",North Dakota,2020
20 - 29,85,"$129,030",North Dakota,2020
30 - 39,127,"$573,911",North Dakota,2020
40 - 49,125,"$21,222,952",North Dakota,2020
50 - 59,139,"$575,758",North Dakota,2020
Over 60,104,"$1,008,768",North Dakota,2020
Under 20,0,$0,Northern Mariana Islands,2020
20 - 29,4,$530,Northern Mariana Islands,2020
30 - 39,2,$0,Northern Mariana Islands,2020
40 - 49,4,$845,Northern Mariana Islands,2020
50 - 59,1,$28,Northern Mariana Islands,2020
Over 60,5,"$66,000",Northern Mariana Islands,2020
Under 20,378,"$486,199",Ohio,2020
20 - 29,"1,347","$3,475,955",Ohio,2020
30 - 39,"1,883","$7,624,819",Ohio,2020
40 - 49,"2,185","$8,041,952",Ohio,2020
50 - 59,"1,843","$112,569,190",Ohio,2020
Over 60,"2,711","$19,189,241",Ohio,2020
Under 20,164,"$83,613",Oklahoma,2020
20 - 29,537,"$931,711",Oklahoma,2020
30 - 39,822,"$1,801,569",Oklahoma,2020
40 - 49,833,"$3,084,291",Oklahoma,2020
50 - 59,749,"$5,061,914",Oklahoma,2020
Over 60,897,"$7,613,157",Oklahoma,2020
Under 20,236,"$4,918,621",Oregon,2020
20 - 29,629,"$1,174,081",Oregon,2020
30 - 39,976,"$1,425,545",Oregon,2020
40 - 49,982,"$6,088,602",Oregon,2020
50 - 59,970,"$4,793,788",Oregon,2020
Over 60,"1,775","$12,817,393",Oregon,2020
Under 20,472,"$1,415,049",Pennsylvania,2020
20 - 29,"1,859","$4,900,382",Pennsylvania,2020
30 - 39,"2,377","$9,835,344",Pennsylvania,2020
40 - 49,"3,436","$18,943,736",Pennsylvania,2020
50 - 59,"2,557","$17,878,509",Pennsylvania,2020
Over 60,"3,543","$23,335,112",Pennsylvania,2020
Under 20,80,"$389,292",Puerto Rico,2020
20 - 29,212,"$126,285",Puerto Rico,2020
30 - 39,255,"$1,984,372",Puerto Rico,2020
40 - 49,454,"$4,588,484",Puerto Rico,2020
50 - 59,409,"$3,024,464",Puerto Rico,2020
Over 60,207,"$2,004,618",Puerto Rico,2020
Under 20,45,"$381,557",Rhode Island,2020
20 - 29,181,"$147,124",Rhode Island,2020
30 - 39,245,"$378,766",Rhode Island,2020
40 - 49,251,"$951,709",Rhode Island,2020
50 - 59,260,"$2,496,611",Rhode Island,2020
Over 60,323,"$2,792,854",Rhode Island,2020
Under 20,183,"$156,208",South Carolina,2020
20 - 29,741,"$2,075,921",South Carolina,2020
30 - 39,817,"$2,181,616",South Carolina,2020
40 - 49,843,"$3,786,139",South Carolina,2020
50 - 59,957,"$3,780,277",South Carolina,2020
Over 60,"1,350","$9,987,360",South Carolina,2020
Under 20,28,"$35,917",South Dakota,2020
20 - 29,102,"$292,165",South Dakota,2020
30 - 39,104,"$301,010",South Dakota,2020
40 - 49,93,"$455,816",South Dakota,2020
50 - 59,142,"$426,300",South Dakota,2020
Over 60,169,"$1,396,978",South Dakota,2020
Under 20,222,"$336,646",Tennessee,2020
20 - 29,"1,010","$1,755,533",Tennessee,2020
30 - 39,"1,116","$3,177,613",Tennessee,2020
40 - 49,"1,218","$3,756,504",Tennessee,2020
50 - 59,"1,717","$10,861,366",Tennessee,2020
Over 60,"1,881","$10,846,194",Tennessee,2020
Under 20,"1,327","$5,561,278",Texas,2020
20 - 29,"4,645","$16,304,396",Texas,2020
30 - 39,"5,947","$61,154,830",Texas,2020
40 - 49,"6,643","$52,911,128",Texas,2020
50 - 59,"5,021","$62,001,626",Texas,2020
Over 60,"6,342","$69,759,993",Texas,2020
Under 20,6,$0,United States Minor Outlying Islands,2020
20 - 29,19,"$10,116",United States Minor Outlying Islands,2020
30 - 39,15,"$88,108",United States Minor Outlying Islands,2020
40 - 49,8,"$2,369",United States Minor Outlying Islands,2020
50 - 59,7,"$4,386",United States Minor Outlying Islands,2020
Over 60,16,"$85,659",United States Minor Outlying Islands,2020
Under 20,279,"$551,206",Utah,2020
20 - 29,735,"$1,304,232",Utah,2020
30 - 39,737,"$3,940,324",Utah,2020
40 - 49,771,"$5,537,520",Utah,2020
50 - 59,609,"$6,233,964",Utah,2020
Over 60,893,"$23,652,577",Utah,2020
Under 20,20,"$6,461",Vermont,2020
20 - 29,90,"$78,788",Vermont,2020
30 - 39,103,"$119,347",Vermont,2020
40 - 49,117,"$272,773",Vermont,2020
50 - 59,136,"$796,448",Vermont,2020
Over 60,235,"$1,629,726",Vermont,2020
Under 20,0,$0,Virgin Islands,2020
20 - 29,15,"$26,546",Virgin Islands,2020
30 - 39,12,"$72,593",Virgin Islands,2020
40 - 49,14,"$11,962",Virgin Islands,2020
50 - 59,6,$450,Virgin Islands,2020
Over 60,29,"$509,203",Virgin Islands,2020
Under 20,477,"$1,641,935",Virginia,2020
20 - 29,"1,559","$13,207,475",Virginia,2020
30 - 39,"2,003","$7,081,690",Virginia,2020
40 - 49,"1,996","$16,952,278",Virginia,2020
50 - 59,"2,092","$16,307,499",Virginia,2020
Over 60,"2,779","$24,836,467",Virginia,2020
Under 20,444,"$906,203",Washington,2020
20 - 29,"1,523","$3,412,282",Washington,2020
30 - 39,"2,120","$7,721,580",Washington,2020
40 - 49,"2,193","$15,377,415",Washington,2020
50 - 59,"2,271","$13,702,161",Washington,2020
Over 60,"3,301","$26,541,727",Washington,2020
Under 20,55,"$218,078",West Virginia,2020
20 - 29,213,"$327,593",West Virginia,2020
30 - 39,276,"$331,187",West Virginia,2020
40 - 49,288,"$608,925",West Virginia,2020
50 - 59,290,"$1,038,479",West Virginia,2020
Over 60,403,"$1,483,058",West Virginia,2020
Under 20,291,"$842,506",Wisconsin,2020
20 - 29,722,"$1,040,479",Wisconsin,2020
30 - 39,935,"$2,605,102",Wisconsin,2020
40 - 49,995,"$6,106,800",Wisconsin,2020
50 - 59,"2,544","$5,189,179",Wisconsin,2020
Over 60,"1,226","$10,227,553",Wisconsin,2020
Under 20,21,"$55,147",Wyoming,2020
20 - 29,91,"$165,234",Wyoming,2020
30 - 39,120,"$142,815",Wyoming,2020
40 - 49,144,"$1,001,394",Wyoming,2020
50 - 59,139,"$398,785",Wyoming,2020
Over 60,174,"$3,105,323",Wyoming,2020
Under 20,187,"$805,901",Alabama,2021
20 - 29,687,"$2,105,073",Alabama,2021
30 - 39,879,"$5,021,257",Alabama,2021
40 - 49,899,"$12,733,589",Alabama,2021
50 - 59,834,"$5,994,288",Alabama,2021
Over 60,985,"$14,157,578",Alabama,2021
Under 20,57,"$852,287",Alaska,2021
20 - 29,214,"$249,154",Alaska,2021
30 - 39,251,"$1,038,363",Alaska,2021
40 - 49,247,"$2,563,047",Alaska,2021
50 - 59,277,"$759,431",Alaska,2021
Over 60,468,"$4,232,381",Alaska,2021
Under 20,0,$0,American Samoa,2021
20 - 29,2,$0,American Samoa,2021
30 - 39,2,$0,American Samoa,2021
40 - 49,3,$133,American Samoa,2021
50 - 59,2,$0,American Samoa,2021
Over 60,6,"$117,400",American Samoa,2021
Under 20,337,"$407,452",Arizona,2021
20 - 29,"1,408","$5,819,476",Arizona,2021
30 - 39,"2,885","$9,309,351",Arizona,2021
40 - 49,"1,558","$30,977,783",Arizona,2021
50 - 59,"1,564","$14,087,616",Arizona,2021
Over 60,"2,693","$44,538,021",Arizona,2021
Under 20,100,"$685,188",Arkansas,2021
20 - 29,328,"$1,786,170",Arkansas,2021
30 - 39,451,"$1,712,560",Arkansas,2021
40 - 49,518,"$1,185,908",Arkansas,2021
50 - 59,347,"$1,685,742",Arkansas,2021
Over 60,604,"$4,276,168",Arkansas,2021
Under 20,"1,990","$14,877,363",California,2021
20 - 29,"9,359","$58,108,305",California,2021
30 - 39,"12,097","$195,665,023",California,2021
40 - 49,"12,554","$228,872,111",California,2021
50 - 59,"9,098","$201,939,148",California,2021
Over 60,"10,913","$319,505,888",California,2021
Under 20,275,"$6,179,765",Colorado,2021
20 - 29,"1,097","$4,363,761",Colorado,2021
30 - 39,"1,512","$13,790,432",Colorado,2021
40 - 49,"1,670","$27,185,586",Colorado,2021
50 - 59,"1,322","$27,141,920",Colorado,2021
Over 60,"3,220","$29,400,114",Colorado,2021
Under 20,139,"$674,679",Connecticut,2021
20 - 29,523,"$3,253,038",Connecticut,2021
30 - 39,653,"$22,322,415",Connecticut,2021
40 - 49,850,"$9,047,153",Connecticut,2021
50 - 59,609,"$12,906,965",Connecticut,2021
Over 60,889,"$12,730,834",Connecticut,2021
Under 20,39,"$28,006",Delaware,2021
20 - 29,190,"$345,809",Delaware,2021
30 - 39,203,"$2,094,165",Delaware,2021
40 - 49,193,"$863,660",Delaware,2021
50 - 59,214,"$2,557,094",Delaware,2021
Over 60,344,"$5,769,966",Delaware,2021
Under 20,35,"$193,089",District of Columbia,2021
20 - 29,226,"$412,825",District of Columbia,2021
30 - 39,410,"$3,992,769",District of Columbia,2021
40 - 49,205,"$4,013,289",District of Columbia,2021
50 - 59,205,"$1,218,810",District of Columbia,2021
Over 60,305,"$6,937,668",District of Columbia,2021
Under 20,"1,088","$9,488,139",Florida,2021
20 - 29,"4,511","$15,305,906",Florida,2021
30 - 39,"7,162","$53,984,012",Florida,2021
40 - 49,"9,090","$60,947,464",Florida,2021
50 - 59,"5,537","$117,049,086",Florida,2021
Over 60,"8,136","$168,233,094",Florida,2021
Under 20,344,"$1,900,411",Georgia,2021
20 - 29,"1,403","$4,021,074",Georgia,2021
30 - 39,"1,805","$24,987,545",Georgia,2021
40 - 49,"1,854","$30,855,991",Georgia,2021
50 - 59,"1,697","$18,815,492",Georgia,2021
Over 60,"1,887","$25,753,434",Georgia,2021
Under 20,3,"$26,000",Guam,2021
20 - 29,5,"$4,016",Guam,2021
30 - 39,12,"$38,404",Guam,2021
40 - 49,8,"$302,055",Guam,2021
50 - 59,12,"$166,955",Guam,2021
Over 60,15,"$1,583,226",Guam,2021
Under 20,44,"$25,108",Hawaii,2021
20 - 29,197,"$457,072",Hawaii,2021
30 - 39,245,"$3,490,084",Hawaii,2021
40 - 49,253,"$1,242,516",Hawaii,2021
50 - 59,211,"$2,006,825",Hawaii,2021
Over 60,408,"$10,061,508",Hawaii,2021
Under 20,83,"$99,362",Idaho,2021
20 - 29,238,"$327,702",Idaho,2021
30 - 39,347,"$1,086,582",Idaho,2021
40 - 49,278,"$2,091,148",Idaho,2021
50 - 59,247,"$7,725,641",Idaho,2021
Over 60,427,"$3,040,240",Idaho,2021
Under 20,446,"$4,353,728",Illinois,2021
20 - 29,"1,906","$14,329,241",Illinois,2021
30 - 39,"2,423","$20,954,163",Illinois,2021
40 - 49,"2,386","$21,480,336",Illinois,2021
50 - 59,"3,195","$34,655,583",Illinois,2021
Over 60,"3,097","$42,109,664",Illinois,2021
Under 20,231,"$1,456,292",Indiana,2021
20 - 29,922,"$5,881,733",Indiana,2021
30 - 39,"1,074","$10,399,629",Indiana,2021
40 - 49,"5,504","$8,989,008",Indiana,2021
50 - 59,"1,164","$7,293,112",Indiana,2021
Over 60,"1,319","$14,875,084",Indiana,2021
Under 20,131,"$420,374",Iowa,2021
20 - 29,"6,744","$450,226",Iowa,2021
30 - 39,410,"$1,101,160",Iowa,2021
40 - 49,355,"$7,107,136",Iowa,2021
50 - 59,343,"$2,895,312",Iowa,2021
Over 60,473,"$8,474,867",Iowa,2021
Under 20,113,"$174,012",Kansas,2021
20 - 29,321,"$645,153",Kansas,2021
30 - 39,448,"$4,398,212",Kansas,2021
40 - 49,404,"$1,951,987",Kansas,2021
50 - 59,399,"$8,192,621",Kansas,2021
Over 60,575,"$7,273,058",Kansas,2021
Under 20,168,"$4,481,583",Kentucky,2021
20 - 29,518,"$2,042,021",Kentucky,2021
30 - 39,641,"$5,036,624",Kentucky,2021
40 - 49,685,"$3,874,952",Kentucky,2021
50 - 59,736,"$3,269,228",Kentucky,2021
Over 60,838,"$11,373,359",Kentucky,2021
Under 20,101,"$337,772",Louisiana,2021
20 - 29,502,"$2,263,067",Louisiana,2021
30 - 39,743,"$4,614,261",Louisiana,2021
40 - 49,749,"$5,049,375",Louisiana,2021
50 - 59,670,"$4,081,061",Louisiana,2021
Over 60,730,"$17,153,418",Louisiana,2021
Under 20,42,"$32,322",Maine,2021
20 - 29,165,"$311,616",Maine,2021
30 - 39,185,"$527,308",Maine,2021
40 - 49,184,"$2,322,485",Maine,2021
50 - 59,207,"$804,405",Maine,2021
Over 60,377,"$2,097,770",Maine,2021
Under 20,242,"$3,665,044",Maryland,2021
20 - 29,"1,069","$5,030,375",Maryland,2021
30 - 39,"1,502","$15,925,209",Maryland,2021
40 - 49,"1,277","$12,028,733",Maryland,2021
50 - 59,"1,395","$16,053,855",Maryland,2021
Over 60,"1,807","$30,295,574",Maryland,2021
Under 20,244,"$1,693,033",Massachusetts,2021
20 - 29,"1,233","$5,429,221",Massachusetts,2021
30 - 39,"1,215","$17,803,576",Massachusetts,2021
40 - 49,"1,089","$22,837,864",Massachusetts,2021
50 - 59,"1,074","$34,495,364",Massachusetts,2021
Over 60,"2,825","$43,062,212",Massachusetts,2021
Under 20,372,"$1,526,473",Michigan,2021
20 - 29,"1,338","$5,638,981",Michigan,2021
30 - 39,"1,849","$13,781,268",Michigan,2021
40 - 49,"1,548","$40,004,673",Michigan,2021
50 - 59,"1,672","$75,269,780",Michigan,2021
Over 60,"2,040","$25,449,460",Michigan,2021
Under 20,187,"$368,499",Minnesota,2021
20 - 29,691,"$3,529,825",Minnesota,2021
30 - 39,882,"$10,263,726",Minnesota,2021
40 - 49,849,"$8,237,145",Minnesota,2021
50 - 59,771,"$15,661,709",Minnesota,2021
Over 60,"1,228","$17,157,693",Minnesota,2021
Under 20,64,"$147,513",Mississippi,2021
20 - 29,257,"$302,210",Mississippi,2021
30 - 39,404,"$1,699,550",Mississippi,2021
40 - 49,365,"$6,295,581",Mississippi,2021
50 - 59,377,"$2,874,579",Mississippi,2021
Over 60,389,"$5,874,029",Mississippi,2021
Under 20,198,"$2,797,323",Missouri,2021
20 - 29,703,"$1,560,973",Missouri,2021
30 - 39,921,"$4,992,138",Missouri,2021
40 - 49,"1,118","$7,566,313",Missouri,2021
50 - 59,949,"$10,266,263",Missouri,2021
Over 60,"1,345","$14,295,472",Missouri,2021
Under 20,41,"$345,779",Montana,2021
20 - 29,132,"$192,261",Montana,2021
30 - 39,168,"$426,549",Montana,2021
40 - 49,179,"$1,934,852",Montana,2021
50 - 59,153,"$1,741,673",Montana,2021
Over 60,341,"$3,990,802",Montana,2021
Under 20,57,"$121,499",Nebraska,2021
20 - 29,227,"$791,381",Nebraska,2021
30 - 39,235,"$2,223,664",Nebraska,2021
40 - 49,238,"$4,711,347",Nebraska,2021
50 - 59,"1,062","$4,239,308",Nebraska,2021
Over 60,300,"$2,369,041",Nebraska,2021
Under 20,303,"$1,066,647",Nevada,2021
20 - 29,"1,549","$3,619,897",Nevada,2021
30 - 39,"3,282","$11,059,148",Nevada,2021
40 - 49,"3,464","$10,854,962",Nevada,2021
50 - 59,"3,560","$9,850,290",Nevada,2021
Over 60,"3,385","$34,288,804",Nevada,2021
Under 20,58,"$42,603",New Hampshire,2021
20 - 29,165,"$429,927",New Hampshire,2021
30 - 39,218,"$1,694,513",New Hampshire,2021
40 - 49,207,"$3,701,398",New Hampshire,2021
50 - 59,236,"$3,452,809",New Hampshire,2021
Over 60,400,"$2,618,627",New Hampshire,2021
Under 20,358,"$5,580,530",New Jersey,2021
20 - 29,"1,572","$5,575,955",New Jersey,2021
30 - 39,"1,782","$29,250,567",New Jersey,2021
40 - 49,"1,791","$30,194,125",New Jersey,2021
50 - 59,"2,374","$28,565,734",New Jersey,2021
Over 60,"2,270","$62,733,009",New Jersey,2021
Under 20,63,"$325,539",New Mexico,2021
20 - 29,225,"$516,417",New Mexico,2021
30 - 39,379,"$1,042,595",New Mexico,2021
40 - 49,439,"$2,391,452",New Mexico,2021
50 - 59,414,"$2,159,653",New Mexico,2021
Over 60,671,"$5,599,703",New Mexico,2021
Under 20,908,"$7,199,202",New York,2021
20 - 29,"3,690","$30,034,251",New York,2021
30 - 39,"4,951","$70,396,891",New York,2021
40 - 49,"4,777","$85,862,493",New York,2021
50 - 59,"3,740","$90,201,963",New York,2021
Over 60,"5,277","$130,238,560",New York,2021
Under 20,380,"$1,694,254",North Carolina,2021
20 - 29,"1,412","$7,242,625",North Carolina,2021
30 - 39,"1,584","$12,008,321",North Carolina,2021
40 - 49,"1,616","$11,775,322",North Carolina,2021
50 - 59,"1,559","$14,206,880",North Carolina,2021
Over 60,"2,157","$29,590,581",North Carolina,2021
Under 20,26,"$1,235,762",North Dakota,2021
20 - 29,89,"$786,130",North Dakota,2021
30 - 39,120,"$237,905",North Dakota,2021
40 - 49,85,"$12,159,350",North Dakota,2021
50 - 59,119,"$1,386,751",North Dakota,2021
Over 60,132,"$2,782,675",North Dakota,2021
Under 20,1,$0,Northern Mariana Islands,2021
20 - 29,3,$532,Northern Mariana Islands,2021
30 - 39,3,"$38,350",Northern Mariana Islands,2021
40 - 49,4,"$12,533",Northern Mariana Islands,2021
50 - 59,2,"$149,755",Northern Mariana Islands,2021
Over 60,2,"$1,000",Northern Mariana Islands,2021
Under 20,355,"$2,558,017",Ohio,2021
20 - 29,"1,797","$3,898,756",Ohio,2021
30 - 39,"2,893","$16,410,334",Ohio,2021
40 - 49,"2,722","$13,640,862",Ohio,2021
50 - 59,"2,591","$38,348,906",Ohio,2021
Over 60,"3,703","$36,468,312",Ohio,2021
Under 20,165,"$1,116,616",Oklahoma,2021
20 - 29,504,"$421,502",Oklahoma,2021
30 - 39,649,"$2,664,034",Oklahoma,2021
40 - 49,884,"$9,263,491",Oklahoma,2021
50 - 59,516,"$3,708,825",Oklahoma,2021
Over 60,785,"$8,175,426",Oklahoma,2021
Under 20,184,"$427,176",Oregon,2021
20 - 29,677,"$4,345,841",Oregon,2021
30 - 39,"1,028","$5,531,004",Oregon,2021
40 - 49,840,"$20,943,099",Oregon,2021
50 - 59,842,"$8,522,900",Oregon,2021
Over 60,"1,513","$17,071,706",Oregon,2021
Under 20,421,"$5,346,227",Pennsylvania,2021
20 - 29,"1,769","$6,104,102",Pennsylvania,2021
30 - 39,"2,244","$14,884,943",Pennsylvania,2021
40 - 49,"2,184","$20,974,629",Pennsylvania,2021
50 - 59,"3,072","$57,421,167",Pennsylvania,2021
Over 60,"3,166","$58,251,054",Pennsylvania,2021
Under 20,42,"$128,593",Puerto Rico,2021
20 - 29,178,"$570,527",Puerto Rico,2021
30 - 39,245,"$1,260,919",Puerto Rico,2021
40 - 49,562,"$1,599,729",Puerto Rico,2021
50 - 59,495,"$6,830,960",Puerto Rico,2021
Over 60,195,"$3,575,884",Puerto Rico,2021
Under 20,24,"$12,510",Rhode Island,2021
20 - 29,172,"$237,978",Rhode Island,2021
30 - 39,181,"$682,846",Rhode Island,2021
40 - 49,181,"$2,158,164",Rhode Island,2021
50 - 59,205,"$2,566,189",Rhode Island,2021
Over 60,230,"$4,284,962",Rhode Island,2021
Under 20,155,"$99,849",South Carolina,2021
20 - 29,710,"$1,683,704",South Carolina,2021
30 - 39,900,"$5,518,810",South Carolina,2021
40 - 49,812,"$6,181,789",South Carolina,2021
50 - 59,886,"$5,573,564",South Carolina,2021
Over 60,"1,240","$15,727,100",South Carolina,2021
Under 20,20,"$3,515",South Dakota,2021
20 - 29,86,"$1,217,101",South Dakota,2021
30 - 39,123,"$247,001",South Dakota,2021
40 - 49,103,"$9,824,927",South Dakota,2021
50 - 59,116,"$868,464",South Dakota,2021
Over 60,183,"$4,821,701",South Dakota,2021
Under 20,199,"$929,171",Tennessee,2021
20 - 29,941,"$2,105,270",Tennessee,2021
30 - 39,"1,288","$11,907,729",Tennessee,2021
40 - 49,"1,027","$25,786,606",Tennessee,2021
50 - 59,"1,260","$22,077,508",Tennessee,2021
Over 60,"1,420","$28,233,241",Tennessee,2021
Under 20,"1,099","$4,984,402",Texas,2021
20 - 29,"4,556","$27,026,159",Texas,2021
30 - 39,"6,179","$67,513,429",Texas,2021
40 - 49,"7,238","$94,448,874",Texas,2021
50 - 59,"4,780","$122,048,506",Texas,2021
Over 60,"5,667","$124,536,695",Texas,2021
Under 20,3,$500,United States Minor Outlying Islands,2021
20 - 29,17,"$60,780",United States Minor Outlying Islands,2021
30 - 39,19,"$273,816",United States Minor Outlying Islands,2021
40 - 49,10,"$29,658",United States Minor Outlying Islands,2021
50 - 59,11,"$14,189",United States Minor Outlying Islands,2021
Over 60,15,"$22,963",United States Minor Outlying Islands,2021
Under 20,201,"$1,020,221",Utah,2021
20 - 29,662,"$3,511,605",Utah,2021
30 - 39,700,"$13,105,416",Utah,2021
40 - 49,718,"$12,042,888",Utah,2021
50 - 59,562,"$13,322,402",Utah,2021
Over 60,768,"$14,767,652",Utah,2021
Under 20,17,"$236,370",Vermont,2021
20 - 29,70,"$129,018",Vermont,2021
30 - 39,98,"$228,921",Vermont,2021
40 - 49,75,"$677,007",Vermont,2021
50 - 59,122,"$4,389,431",Vermont,2021
Over 60,199,"$3,220,853",Vermont,2021
Under 20,5,"$11,049",Virgin Islands,2021
20 - 29,8,"$5,897",Virgin Islands,2021
30 - 39,25,"$233,154",Virgin Islands,2021
40 - 49,12,"$54,860",Virgin Islands,2021
50 - 59,13,"$249,550",Virgin Islands,2021
Over 60,27,"$314,574",Virgin Islands,2021
Under 20,332,"$2,233,159",Virginia,2021
20 - 29,"1,442","$12,388,714",Virginia,2021
30 - 39,"1,894","$11,191,574",Virginia,2021
40 - 49,"1,754","$29,454,993",Virginia,2021
50 - 59,"1,706","$31,614,971",Virginia,2021
Over 60,"2,540","$49,928,372",Virginia,2021
Under 20,350,"$2,358,443",Washington,2021
20 - 29,"1,437","$7,751,160",Washington,2021
30 - 39,"1,936","$19,859,266",Washington,2021
40 - 49,"1,788","$35,473,798",Washington,2021
50 - 59,"1,577","$28,357,097",Washington,2021
Over 60,"2,440","$36,771,171",Washington,2021
Under 20,49,"$442,063",West Virginia,2021
20 - 29,237,"$1,025,461",West Virginia,2021
30 - 39,601,"$800,109",West Virginia,2021
40 - 49,305,"$2,518,708",West Virginia,2021
50 - 59,324,"$991,974",West Virginia,2021
Over 60,335,"$2,577,741",West Virginia,2021
Under 20,220,"$624,317",Wisconsin,2021
20 - 29,649,"$2,377,050",Wisconsin,2021
30 - 39,918,"$4,893,385",Wisconsin,2021
40 - 49,981,"$4,892,624",Wisconsin,2021
50 - 59,"2,460","$5,930,342",Wisconsin,2021
Over 60,"1,129","$17,844,973",Wisconsin,2021
Under 20,29,"$18,038",Wyoming,2021
20 - 29,69,"$310,369",Wyoming,2021
30 - 39,105,"$504,233",Wyoming,2021
40 - 49,133,"$1,088,275",Wyoming,2021
50 - 59,99,"$766,997",Wyoming,2021
Over 60,181,"$4,498,432",Wyoming,2021